{"cameraMode":{"drawMode":0,"name":"Shaded","section":"Shading Mode"},"sceneLighting":true,"audioPlay":false,"sceneViewState":{"m_AlwaysRefresh":false,"showFog":true,"showSkybox":true,"showFlares":true,"showImageEffects":true,"showParticleSystems":true,"showVisualEffectGraphs":true,"m_FxEnabled":true},"in2DMode":false,"pivot":{"x":-4.364944934844971,"y":2.8299059867858888,"z":-17.31569480895996},"rotation":{"x":-0.0016461432678624988,"y":0.9924734830856323,"z":-0.013399033807218075,"w":-0.12178851664066315},"size":10.97709846496582,"orthographic":false}