{"cameraMode":{"drawMode":0,"name":"Shaded","section":"Shading Mode"},"sceneLighting":false,"audioPlay":false,"sceneViewState":{"m_AlwaysRefresh":false,"showFog":true,"showSkybox":false,"showFlares":true,"showImageEffects":true,"showParticleSystems":true,"showVisualEffectGraphs":true,"m_FxEnabled":true},"in2DMode":false,"pivot":{"x":1.453106164932251,"y":1.4272295236587525,"z":1.3469479084014893},"rotation":{"x":-0.20908604562282563,"y":-0.44903337955474856,"z":0.10893794149160385,"w":-0.861869215965271},"size":0.8660253882408142,"orthographic":false}